<?xml version="1.0" encoding="UTF-8" standalone="yes"?><imgdir name="2220100.img"><imgdir name="info"><int name="level" value="14"/><int name="bodyAttack" value="1"/><int name="maxHP" value="225"/><int name="maxMP" value="20"/><int name="speed" value="5"/><int name="PADamage" value="58"/><int name="PDDamage" value="10"/><int name="PDRate" value="10"/><int name="MADamage" value="55"/><int name="MDDamage" value="60"/><int name="MDRate" value="10"/><int name="acc" value="23"/><int name="eva" value="1"/><int name="pushed" value="20"/><float name="fs" value="10.0"/><int name="exp" value="24"/><int name="summonType" value="1"/><int name="category" value="2"/><string name="mobType" value="1N"/></imgdir><imgdir name="move"><canvas name="0" width="64" height="55"><vector name="origin" x="32" y="55"/><vector name="lt" x="-32" y="-55"/><vector name="rb" x="32" y="0"/><vector name="head" x="-3" y="-51"/><int name="delay" value="180"/><string name="_hash" value="477bb0473a7815b18abfeed8b102bb1f391d00f082d499b7af7ddf213abaee57"/></canvas><canvas name="1" width="62" height="64"><vector name="origin" x="31" y="67"/><vector name="lt" x="-31" y="-67"/><vector name="rb" x="31" y="-3"/><vector name="head" x="-1" y="-63"/><int name="delay" value="120"/><string name="_hash" value="cf50527c13c2d7f689d82920521086ed7735a6a054c623553e88fd4f8250045e"/></canvas><canvas name="2" width="63" height="55"><vector name="origin" x="31" y="55"/><vector name="lt" x="-31" y="-55"/><vector name="rb" x="32" y="0"/><vector name="head" x="-3" y="-51"/><int name="delay" value="180"/><string name="_hash" value="69692c26441eb97abffe55c55b0a1fb5b9dbf09b3c874d2cbd36d557e314c1ee"/></canvas></imgdir><imgdir name="stand"><canvas name="0" width="63" height="58"><vector name="origin" x="27" y="58"/><vector name="lt" x="-27" y="-58"/><vector name="rb" x="36" y="0"/><vector name="head" x="2" y="-54"/><int name="delay" value="180"/><string name="_hash" value="f541af82799a37ce1d08e654c09c08ab09142490a3a8774202b8484992befea1"/></canvas><canvas name="1" width="55" height="63"><vector name="origin" x="27" y="55"/><vector name="lt" x="-27" y="-55"/><vector name="rb" x="36" y="0"/><vector name="head" x="2" y="-51"/><int name="delay" value="180"/></canvas></imgdir><imgdir name="jump"><canvas name="0" width="64" height="62"><vector name="origin" x="28" y="64"/><vector name="lt" x="-28" y="-64"/><vector name="rb" x="34" y="0"/><vector name="head" x="2" y="-61"/></canvas></imgdir><imgdir name="hit1"><canvas name="0" width="62" height="65"><vector name="origin" x="28" y="65"/><vector name="lt" x="-28" y="-65"/><vector name="rb" x="34" y="0"/><int name="delay" value="600"/><vector name="head" x="2" y="-61"/><string name="_hash" value="ed9bfe11d86003a528ac8675db33d257a80b60f33221886cf8b6be31732db3a3"/></canvas></imgdir><imgdir name="die1"><canvas name="0" width="61" height="59"><vector name="origin" x="30" y="59"/><vector name="head" x="-5" y="-44"/><int name="delay" value="180"/><string name="_hash" value="e833613f6e9e493b4ce238ac464149e7e7cb404da0021bd3f37ecb3253243381"/></canvas><canvas name="1" width="59" height="52"><vector name="origin" x="32" y="52"/><vector name="head" x="-9" y="-36"/><int name="delay" value="180"/><string name="_hash" value="40f37c3987e281e4ca8364c4b2c1dfd9e28734a1b278aab42fe23dc29d5ad2d3"/></canvas><canvas name="2" width="59" height="44"><vector name="origin" x="34" y="44"/><vector name="head" x="-17" y="-21"/><int name="delay" value="300"/><int name="a0" value="255"/><int name="a1" value="0"/><string name="_hash" value="bca7d4efb8dc7d36ceb42709f1e40f44c5fbe09da80164aa49582a0f9b673a8a"/></canvas></imgdir></imgdir>