<?xml version="1.0" encoding="UTF-8" standalone="yes"?><imgdir name="5130101.img"><imgdir name="info"><imgdir name="skill"><imgdir name="0"><int name="skill" value="100"/><int name="action" value="1"/><int name="level" value="1"/><int name="effectAfter" value="0"/></imgdir><imgdir name="1"><int name="skill" value="102"/><int name="action" value="1"/><int name="level" value="1"/><int name="effectAfter" value="0"/></imgdir></imgdir><int name="level" value="15"/><int name="bodyAttack" value="1"/><int name="maxHP" value="250"/><int name="maxMP" value="20"/><int name="speed" value="-20"/><int name="PADamage" value="64"/><int name="PDDamage" value="130"/><int name="PDRate" value="10"/><int name="MADamage" value="59"/><int name="MDDamage" value="100"/><int name="MDRate" value="10"/><int name="acc" value="23"/><int name="eva" value="1"/><int name="pushed" value="20"/><float name="fs" value="10.0"/><int name="exp" value="26"/><int name="summonType" value="1"/><int name="category" value="2"/><int name="hpRecovery" value="100"/><int name="mpRecovery" value="5"/><string name="mobType" value="1N"/></imgdir><imgdir name="move"><canvas name="0" width="175" height="158"><vector name="origin" x="90" y="158"/><int name="delay" value="350"/><vector name="lt" x="-90" y="-151"/><vector name="rb" x="85" y="0"/><vector name="head" x="-10" y="-155"/><string name="_hash" value="3ba81bf1343934213b864e07a84857e24e34af75114193f101bfac6377be0fc5"/></canvas><canvas name="1" width="175" height="154"><vector name="origin" x="90" y="154"/><int name="delay" value="350"/><vector name="lt" x="-90" y="-146"/><vector name="rb" x="85" y="0"/><vector name="head" x="-10" y="-151"/><string name="_hash" value="d73b7ad38c1595a443d457b03e184bb384552d3b493e76b5efa76c9bfac939f3"/></canvas><canvas name="2" width="175" height="158"><vector name="origin" x="90" y="158"/><int name="delay" value="350"/><vector name="lt" x="-90" y="-150"/><vector name="rb" x="85" y="0"/><vector name="head" x="-10" y="-155"/><string name="_hash" value="ec2e2a8714df22dc3b38d094ecebc8be79bd9d95d8a5212b005ee8dbf987a26b"/></canvas><canvas name="3" width="175" height="154"><vector name="origin" x="90" y="154"/><int name="delay" value="350"/><vector name="lt" x="-90" y="-146"/><vector name="rb" x="85" y="0"/><vector name="head" x="-10" y="-151"/><string name="_hash" value="5531e352607446c7581480cf35946817f4bb8ebae59f3031376be704f67c5b00"/></canvas></imgdir><imgdir name="stand"><canvas name="0" width="175" height="156"><vector name="origin" x="90" y="156"/><int name="delay" value="300"/><vector name="lt" x="-90" y="-148"/><vector name="rb" x="85" y="0"/><vector name="head" x="-10" y="-153"/><string name="_hash" value="4f249b9e3959a2e71cfeeee1a42d4354dcf0171faa7de52170650925b9f5257d"/></canvas><canvas name="1" width="177" height="157"><vector name="origin" x="91" y="157"/><int name="delay" value="150"/><vector name="lt" x="-91" y="-149"/><vector name="rb" x="86" y="0"/><vector name="head" x="-10" y="-154"/><string name="_hash" value="5d7f7a3b8f49d88a7ca7d6e435461bda8fa497aa8a5260cd82c1860614b8a549"/></canvas><canvas name="2" width="179" height="158"><vector name="origin" x="92" y="158"/><int name="delay" value="300"/><vector name="lt" x="-92" y="-155"/><vector name="rb" x="87" y="0"/><vector name="head" x="-10" y="-155"/><string name="_hash" value="2fc9c5abe28798fa5aae6875c50476dface0610003d30e1dda0ad3f0cb0bcb84"/></canvas></imgdir><imgdir name="skill1"><canvas name="0" width="156" height="175"><vector name="origin" x="90" y="156"/><vector name="lt" x="-90" y="-148"/><vector name="rb" x="85" y="0"/><vector name="head" x="-10" y="-153"/><int name="delay" value="90"/></canvas><canvas name="1" width="175" height="156"><vector name="origin" x="90" y="156"/><vector name="lt" x="-90" y="-148"/><vector name="rb" x="85" y="0"/><vector name="head" x="-10" y="-153"/><int name="delay" value="90"/><string name="_hash" value="bec3b8f3d8d892269b194d395cd9e456e5cf25bfa41a057089bac1f024e97110"/></canvas><canvas name="2" width="175" height="156"><vector name="origin" x="90" y="156"/><vector name="lt" x="-90" y="-148"/><vector name="rb" x="85" y="0"/><vector name="head" x="-10" y="-153"/><int name="delay" value="90"/><string name="_hash" value="02ee26b68ebef6065ce5657accee7d1bf9c684ead09dce01538a77bf81414634"/></canvas><canvas name="3" width="175" height="156"><vector name="origin" x="90" y="156"/><vector name="lt" x="-90" y="-148"/><vector name="rb" x="85" y="0"/><vector name="head" x="-10" y="-153"/><int name="delay" value="90"/><string name="_hash" value="7a89335de604fde37c0654bdf7b69d565032fc65592f629a34a1de3e4c9f5a96"/></canvas><canvas name="4" width="175" height="156"><vector name="origin" x="90" y="156"/><vector name="lt" x="-90" y="-148"/><vector name="rb" x="85" y="0"/><vector name="head" x="-10" y="-153"/><int name="delay" value="90"/><string name="_hash" value="31341b54d2305c6f97565526765cdea021aed7723aaa01d7e30b668389d9a6b9"/></canvas><canvas name="5" width="175" height="156"><vector name="origin" x="90" y="156"/><vector name="lt" x="-90" y="-148"/><vector name="rb" x="85" y="0"/><vector name="head" x="-10" y="-153"/><int name="delay" value="90"/><string name="_hash" value="3343c6c2aa3ee6adc6d1e69758981c13f275f3d15459529809f22d6f345ff074"/></canvas><canvas name="6" width="175" height="158"><vector name="origin" x="90" y="158"/><vector name="lt" x="-90" y="-148"/><vector name="rb" x="85" y="0"/><vector name="head" x="-10" y="-153"/><int name="delay" value="90"/><string name="_hash" value="6ac2be9e4fb56e5ff6e77206785068ae217ee418ca06ebfa922a5e848d2ebd3f"/></canvas><canvas name="7" width="175" height="156"><vector name="origin" x="90" y="156"/><vector name="lt" x="-90" y="-148"/><vector name="rb" x="85" y="0"/><vector name="head" x="-10" y="-153"/><int name="delay" value="90"/><string name="_hash" value="24027557a443d0f5be45f90d9cc95a25efe25dbe520dd9cc77ef929ab9b2627d"/></canvas><canvas name="8" width="156" height="175"><vector name="origin" x="90" y="156"/><vector name="lt" x="-90" y="-148"/><vector name="rb" x="85" y="0"/><vector name="head" x="-10" y="-153"/><int name="delay" value="90"/></canvas><canvas name="9" width="156" height="175"><vector name="origin" x="90" y="156"/><vector name="lt" x="-90" y="-148"/><vector name="rb" x="85" y="0"/><vector name="head" x="-10" y="-153"/><int name="delay" value="90"/></canvas></imgdir><imgdir name="hit1"><canvas name="0" width="258" height="172"><vector name="origin" x="134" y="172"/><vector name="lt" x="-113" y="-160"/><vector name="rb" x="110" y="0"/><int name="delay" value="600"/><vector name="head" x="2" y="-147"/><string name="_hash" value="1c3db44631bda37f006714ef441abc7edc3d552f30e50ee40047b5b707ed4483"/></canvas></imgdir><imgdir name="die1"><canvas name="0" width="196" height="178"><vector name="origin" x="86" y="178"/><vector name="head" x="25" y="-121"/><int name="delay" value="250"/><string name="_hash" value="24f1e0e085a84cfe0c81455a188f0dac7d0ff87b4a2ca90073fa98aa4133e9a7"/></canvas><canvas name="1" width="228" height="169"><vector name="origin" x="93" y="169"/><vector name="head" x="25" y="-121"/><int name="delay" value="250"/><string name="_hash" value="b6cc944cf5aa93860f22e1501ba247b2ef046f29fb39a344911d962db9efd88e"/></canvas><canvas name="2" width="225" height="160"><vector name="origin" x="93" y="160"/><vector name="head" x="25" y="-121"/><int name="delay" value="250"/><string name="_hash" value="9fb27165fd902754221d05c83ca4320424d92c6a4abe78333341d8d15e364da0"/></canvas><canvas name="3" width="215" height="146"><vector name="origin" x="93" y="146"/><vector name="head" x="25" y="-121"/><int name="delay" value="250"/><string name="_hash" value="46ea53f2a57afa08b2916d06b1fb3e251fcae2a0011739b545e83501ebe09fb6"/></canvas><canvas name="4" width="215" height="133"><vector name="origin" x="93" y="133"/><vector name="head" x="19" y="-119"/><int name="delay" value="250"/><string name="_hash" value="0c2291149081757ca43f8fd6f6e596b937bb4e4daa76dc40add288dc73e53f0f"/></canvas><canvas name="5" width="215" height="74"><vector name="origin" x="93" y="74"/><vector name="head" x="-44" y="-21"/><int name="delay" value="250"/><string name="_hash" value="667f518d4c2b6d576642a902fdd6ebe32fdf6e973bb9a7aaf49715a090369d6d"/></canvas><canvas name="6" width="215" height="74"><vector name="origin" x="93" y="74"/><vector name="head" x="-44" y="-21"/><int name="delay" value="300"/><int name="a0" value="255"/><int name="a1" value="0"/><string name="_hash" value="ad08cf21b7b0894a214b3f9bae96204bed4df8f9cfaa9cae3d55a52255e821c8"/></canvas></imgdir></imgdir>